Sample Name,Mass Feed Ratio (drug/dye),actual drug/dye (mg/mg),% mass drug,Avg D,Avg PDI
4mg ir820,0.25,5.308516229,84.14841203,175.8333333,0.043
2mg ir820,0.5,8.428078596,89.39338498,161.5333333,0.072666667
1mg ir820,1,9.806588399,90.74638579,103.7666667,0.156
0.5mg ir820,2,-1.117583187,950.461725,132.0333333,0.106333333
10mg sfb,50,4.898174157,83.04560067,103.8333333,0.110111111
5mg sfb,25,1.195277959,54.44768185,73.74333333,0.230333333
2.5mg sfb,12.5,0.162945481,14.01144626,67.89,0.320666667
1.25mg sfb,6.25,-0.030944863,-3.193302596,94.58666667,0.264333333
